name,group,year,value,lastValue,flag,color
INDIAN AIRLINES,INDIAN AIRLINES,1988,9541788,0,https://www.lph2o.com/images/phocagallery/aircraft%20paint%20scheme/thumbs/phoca_thumb_l_India%20Airlines%20Airbus%20A32.png,#fa029f
INDIAN AIRLINES,INDIAN AIRLINES,1989,9390656,9541788,https://www.lph2o.com/images/phocagallery/aircraft%20paint%20scheme/thumbs/phoca_thumb_l_India%20Airlines%20Airbus%20A32.png,#fa029f
INDIAN AIRLINES,INDIAN AIRLINES,1990,7471120,9390656,https://www.lph2o.com/images/phocagallery/aircraft%20paint%20scheme/thumbs/phoca_thumb_l_India%20Airlines%20Airbus%20A32.png,#fa029f
INDIAN AIRLINES,INDIAN AIRLINES,1991,8311844,7471120,https://www.lph2o.com/images/phocagallery/aircraft%20paint%20scheme/thumbs/phoca_thumb_l_India%20Airlines%20Airbus%20A32.png,#fa029f
INDIAN AIRLINES,INDIAN AIRLINES,1992,7268443,8311844,https://www.lph2o.com/images/phocagallery/aircraft%20paint%20scheme/thumbs/phoca_thumb_l_India%20Airlines%20Airbus%20A32.png,#fa029f
INDIAN AIRLINES,INDIAN AIRLINES,1993,7229810,7268443,https://www.lph2o.com/images/phocagallery/aircraft%20paint%20scheme/thumbs/phoca_thumb_l_India%20Airlines%20Airbus%20A32.png,#fa029f
INDIAN AIRLINES,INDIAN AIRLINES,1994,6897700,7229810,https://www.lph2o.com/images/phocagallery/aircraft%20paint%20scheme/thumbs/phoca_thumb_l_India%20Airlines%20Airbus%20A32.png,#fa029f
INDIAN AIRLINES,INDIAN AIRLINES,1995,6927021,6897700,https://www.lph2o.com/images/phocagallery/aircraft%20paint%20scheme/thumbs/phoca_thumb_l_India%20Airlines%20Airbus%20A32.png,#fa029f
INDIAN AIRLINES,INDIAN AIRLINES,1996,6122462,6927021,https://www.lph2o.com/images/phocagallery/aircraft%20paint%20scheme/thumbs/phoca_thumb_l_India%20Airlines%20Airbus%20A32.png,#fa029f
INDIAN AIRLINES,INDIAN AIRLINES,1997,5242546,6122462,https://www.lph2o.com/images/phocagallery/aircraft%20paint%20scheme/thumbs/phoca_thumb_l_India%20Airlines%20Airbus%20A32.png,#fa029f
INDIAN AIRLINES,INDIAN AIRLINES,1998,4894451,5242546,https://www.lph2o.com/images/phocagallery/aircraft%20paint%20scheme/thumbs/phoca_thumb_l_India%20Airlines%20Airbus%20A32.png,#fa029f
INDIAN AIRLINES,INDIAN AIRLINES,1999,4671240,4894451,https://www.lph2o.com/images/phocagallery/aircraft%20paint%20scheme/thumbs/phoca_thumb_l_India%20Airlines%20Airbus%20A32.png,#fa029f
INDIAN AIRLINES,INDIAN AIRLINES,2000,4655180,4671240,https://www.lph2o.com/images/phocagallery/aircraft%20paint%20scheme/thumbs/phoca_thumb_l_India%20Airlines%20Airbus%20A32.png,#fa029f
INDIAN AIRLINES,INDIAN AIRLINES,2001,4200682,4655180,https://www.lph2o.com/images/phocagallery/aircraft%20paint%20scheme/thumbs/phoca_thumb_l_India%20Airlines%20Airbus%20A32.png,#fa029f
INDIAN AIRLINES,INDIAN AIRLINES,2002,4106271,4200682,https://www.lph2o.com/images/phocagallery/aircraft%20paint%20scheme/thumbs/phoca_thumb_l_India%20Airlines%20Airbus%20A32.png,#fa029f
INDIAN AIRLINES,INDIAN AIRLINES,2003,4255106,4106271,https://www.lph2o.com/images/phocagallery/aircraft%20paint%20scheme/thumbs/phoca_thumb_l_India%20Airlines%20Airbus%20A32.png,#fa029f
INDIAN AIRLINES,INDIAN AIRLINES,2004,5404620,4255106,https://www.lph2o.com/images/phocagallery/aircraft%20paint%20scheme/thumbs/phoca_thumb_l_India%20Airlines%20Airbus%20A32.png,#fa029f
INDIAN AIRLINES,INDIAN AIRLINES,2005,5835449,5404620,https://www.lph2o.com/images/phocagallery/aircraft%20paint%20scheme/thumbs/phoca_thumb_l_India%20Airlines%20Airbus%20A32.png,#fa029f
INDIAN AIRLINES,INDIAN AIRLINES,2006,6218023,5835449,https://www.lph2o.com/images/phocagallery/aircraft%20paint%20scheme/thumbs/phoca_thumb_l_India%20Airlines%20Airbus%20A32.png,#fa029f
INDIAN AIRLINES,INDIAN AIRLINES,2007,6900454,6218023,https://www.lph2o.com/images/phocagallery/aircraft%20paint%20scheme/thumbs/phoca_thumb_l_India%20Airlines%20Airbus%20A32.png,#fa029f
INDIAN AIRLINES,INDIAN AIRLINES,2008,5419334,6900454,https://www.lph2o.com/images/phocagallery/aircraft%20paint%20scheme/thumbs/phoca_thumb_l_India%20Airlines%20Airbus%20A32.png,#fa029f
INDIAN AIRLINES,INDIAN AIRLINES,2009,6439640,5419334,https://www.lph2o.com/images/phocagallery/aircraft%20paint%20scheme/thumbs/phoca_thumb_l_India%20Airlines%20Airbus%20A32.png,#fa029f
INDIAN AIRLINES,INDIAN AIRLINES,2010,7370854,6439640,https://www.lph2o.com/images/phocagallery/aircraft%20paint%20scheme/thumbs/phoca_thumb_l_India%20Airlines%20Airbus%20A32.png,#fa029f
INDIAN AIRLINES,INDIAN AIRLINES,2011,7878905,7370854,https://www.lph2o.com/images/phocagallery/aircraft%20paint%20scheme/thumbs/phoca_thumb_l_India%20Airlines%20Airbus%20A32.png,#fa029f
INDIAN AIRLINES,INDIAN AIRLINES,2012,0,7878905,https://www.lph2o.com/images/phocagallery/aircraft%20paint%20scheme/thumbs/phoca_thumb_l_India%20Airlines%20Airbus%20A32.png,#fa029f
INDIAN AIRLINES,INDIAN AIRLINES,2013,0,0,https://www.lph2o.com/images/phocagallery/aircraft%20paint%20scheme/thumbs/phoca_thumb_l_India%20Airlines%20Airbus%20A32.png,#fa029f
INDIAN AIRLINES,INDIAN AIRLINES,2014,0,0,https://www.lph2o.com/images/phocagallery/aircraft%20paint%20scheme/thumbs/phoca_thumb_l_India%20Airlines%20Airbus%20A32.png,#fa029f
INDIAN AIRLINES,INDIAN AIRLINES,2015,0,0,https://www.lph2o.com/images/phocagallery/aircraft%20paint%20scheme/thumbs/phoca_thumb_l_India%20Airlines%20Airbus%20A32.png,#fa029f
INDIAN AIRLINES,INDIAN AIRLINES,2016,0,0,https://www.lph2o.com/images/phocagallery/aircraft%20paint%20scheme/thumbs/phoca_thumb_l_India%20Airlines%20Airbus%20A32.png,#fa029f
INDIAN AIRLINES,INDIAN AIRLINES,2017,0,0,https://www.lph2o.com/images/phocagallery/aircraft%20paint%20scheme/thumbs/phoca_thumb_l_India%20Airlines%20Airbus%20A32.png,#fa029f
INDIAN AIRLINES,INDIAN AIRLINES,2018,0,0,https://www.lph2o.com/images/phocagallery/aircraft%20paint%20scheme/thumbs/phoca_thumb_l_India%20Airlines%20Airbus%20A32.png,#fa029f
AIR INDIA,AIR INDIA,1988,0,0,https://flightdelaypay.com/wp-content/uploads/2017/09/air_india.png,#eb7904
AIR INDIA,AIR INDIA,1989,0,0,https://flightdelaypay.com/wp-content/uploads/2017/09/air_india.png,#eb7904
AIR INDIA,AIR INDIA,1990,0,0,https://flightdelaypay.com/wp-content/uploads/2017/09/air_india.png,#eb7904
AIR INDIA,AIR INDIA,1991,309530,0,https://flightdelaypay.com/wp-content/uploads/2017/09/air_india.png,#eb7904
AIR INDIA,AIR INDIA,1992,393156,309530,https://flightdelaypay.com/wp-content/uploads/2017/09/air_india.png,#eb7904
AIR INDIA,AIR INDIA,1993,280688,393156,https://flightdelaypay.com/wp-content/uploads/2017/09/air_india.png,#eb7904
AIR INDIA,AIR INDIA,1994,369191,280688,https://flightdelaypay.com/wp-content/uploads/2017/09/air_india.png,#eb7904
AIR INDIA,AIR INDIA,1995,538110,369191,https://flightdelaypay.com/wp-content/uploads/2017/09/air_india.png,#eb7904
AIR INDIA,AIR INDIA,1996,579249,538110,https://flightdelaypay.com/wp-content/uploads/2017/09/air_india.png,#eb7904
AIR INDIA,AIR INDIA,1997,606911,579249,https://flightdelaypay.com/wp-content/uploads/2017/09/air_india.png,#eb7904
AIR INDIA,AIR INDIA,1998,680000,606911,https://flightdelaypay.com/wp-content/uploads/2017/09/air_india.png,#eb7904
AIR INDIA,AIR INDIA,1999,761000,680000,https://flightdelaypay.com/wp-content/uploads/2017/09/air_india.png,#eb7904
AIR INDIA,AIR INDIA,2000,773000,761000,https://flightdelaypay.com/wp-content/uploads/2017/09/air_india.png,#eb7904
AIR INDIA,AIR INDIA,2001,730000,773000,https://flightdelaypay.com/wp-content/uploads/2017/09/air_india.png,#eb7904
AIR INDIA,AIR INDIA,2002,725000,730000,https://flightdelaypay.com/wp-content/uploads/2017/09/air_india.png,#eb7904
AIR INDIA,AIR INDIA,2003,902000,725000,https://flightdelaypay.com/wp-content/uploads/2017/09/air_india.png,#eb7904
AIR INDIA,AIR INDIA,2004,988000,902000,https://flightdelaypay.com/wp-content/uploads/2017/09/air_india.png,#eb7904
AIR INDIA,AIR INDIA,2005,6735623,988000,https://flightdelaypay.com/wp-content/uploads/2017/09/air_india.png,#eb7904
AIR INDIA,AIR INDIA,2006,7058594,6735623,https://flightdelaypay.com/wp-content/uploads/2017/09/air_india.png,#eb7904
AIR INDIA,AIR INDIA,2007,7478981,7058594,https://flightdelaypay.com/wp-content/uploads/2017/09/air_india.png,#eb7904
AIR INDIA,AIR INDIA,2008,5800830,7478981,https://flightdelaypay.com/wp-content/uploads/2017/09/air_india.png,#eb7904
AIR INDIA,AIR INDIA,2009,6871311,5800830,https://flightdelaypay.com/wp-content/uploads/2017/09/air_india.png,#eb7904
AIR INDIA,AIR INDIA,2010,7937811,6871311,https://flightdelaypay.com/wp-content/uploads/2017/09/air_india.png,#eb7904
AIR INDIA,AIR INDIA,2011,8711624,7937811,https://flightdelaypay.com/wp-content/uploads/2017/09/air_india.png,#eb7904
AIR INDIA,AIR INDIA,2012,9683582,8711624,https://flightdelaypay.com/wp-content/uploads/2017/09/air_india.png,#eb7904
AIR INDIA,AIR INDIA,2013,10355226,9683582,https://flightdelaypay.com/wp-content/uploads/2017/09/air_india.png,#eb7904
AIR INDIA,AIR INDIA,2014,11727171,10355226,https://flightdelaypay.com/wp-content/uploads/2017/09/air_india.png,#eb7904
AIR INDIA,AIR INDIA,2015,12742163,11727171,https://flightdelaypay.com/wp-content/uploads/2017/09/air_india.png,#eb7904
AIR INDIA,AIR INDIA,2016,13734192,12742163,https://flightdelaypay.com/wp-content/uploads/2017/09/air_india.png,#eb7904
AIR INDIA,AIR INDIA,2017,14755383,13734192,https://flightdelaypay.com/wp-content/uploads/2017/09/air_india.png,#eb7904
AIR INDIA,AIR INDIA,2018,15497575,14755383,https://flightdelaypay.com/wp-content/uploads/2017/09/air_india.png,#eb7904
AIR INDIA EXPRESS,AIR INDIA EXPRESS,1988,0,0,https://wearedesignteam.com/hd-wallpaper/images/air-india-airlines-png.png,#FF4500
AIR INDIA EXPRESS,AIR INDIA EXPRESS,1989,0,0,https://wearedesignteam.com/hd-wallpaper/images/air-india-airlines-png.png,#FF4500
AIR INDIA EXPRESS,AIR INDIA EXPRESS,1990,0,0,https://wearedesignteam.com/hd-wallpaper/images/air-india-airlines-png.png,#FF4500
AIR INDIA EXPRESS,AIR INDIA EXPRESS,1991,0,0,https://wearedesignteam.com/hd-wallpaper/images/air-india-airlines-png.png,#FF4500
AIR INDIA EXPRESS,AIR INDIA EXPRESS,1992,0,0,https://wearedesignteam.com/hd-wallpaper/images/air-india-airlines-png.png,#FF4500
AIR INDIA EXPRESS,AIR INDIA EXPRESS,1993,0,0,https://wearedesignteam.com/hd-wallpaper/images/air-india-airlines-png.png,#FF4500
AIR INDIA EXPRESS,AIR INDIA EXPRESS,1994,0,0,https://wearedesignteam.com/hd-wallpaper/images/air-india-airlines-png.png,#FF4500
AIR INDIA EXPRESS,AIR INDIA EXPRESS,1995,0,0,https://wearedesignteam.com/hd-wallpaper/images/air-india-airlines-png.png,#FF4500
AIR INDIA EXPRESS,AIR INDIA EXPRESS,1996,0,0,https://wearedesignteam.com/hd-wallpaper/images/air-india-airlines-png.png,#FF4500
AIR INDIA EXPRESS,AIR INDIA EXPRESS,1997,0,0,https://wearedesignteam.com/hd-wallpaper/images/air-india-airlines-png.png,#FF4500
AIR INDIA EXPRESS,AIR INDIA EXPRESS,1998,0,0,https://wearedesignteam.com/hd-wallpaper/images/air-india-airlines-png.png,#FF4500
AIR INDIA EXPRESS,AIR INDIA EXPRESS,1999,0,0,https://wearedesignteam.com/hd-wallpaper/images/air-india-airlines-png.png,#FF4500
AIR INDIA EXPRESS,AIR INDIA EXPRESS,2000,0,0,https://wearedesignteam.com/hd-wallpaper/images/air-india-airlines-png.png,#FF4500
AIR INDIA EXPRESS,AIR INDIA EXPRESS,2001,0,0,https://wearedesignteam.com/hd-wallpaper/images/air-india-airlines-png.png,#FF4500
AIR INDIA EXPRESS,AIR INDIA EXPRESS,2002,0,0,https://wearedesignteam.com/hd-wallpaper/images/air-india-airlines-png.png,#FF4500
AIR INDIA EXPRESS,AIR INDIA EXPRESS,2003,0,0,https://wearedesignteam.com/hd-wallpaper/images/air-india-airlines-png.png,#FF4500
AIR INDIA EXPRESS,AIR INDIA EXPRESS,2004,0,0,https://wearedesignteam.com/hd-wallpaper/images/air-india-airlines-png.png,#FF4500
AIR INDIA EXPRESS,AIR INDIA EXPRESS,2005,0,0,https://wearedesignteam.com/hd-wallpaper/images/air-india-airlines-png.png,#FF4500
AIR INDIA EXPRESS,AIR INDIA EXPRESS,2006,0,0,https://wearedesignteam.com/hd-wallpaper/images/air-india-airlines-png.png,#FF4500
AIR INDIA EXPRESS,AIR INDIA EXPRESS,2007,1564799,0,https://wearedesignteam.com/hd-wallpaper/images/air-india-airlines-png.png,#FF4500
AIR INDIA EXPRESS,AIR INDIA EXPRESS,2008,2064325,1564799,https://wearedesignteam.com/hd-wallpaper/images/air-india-airlines-png.png,#FF4500
AIR INDIA EXPRESS,AIR INDIA EXPRESS,2009,2230282,2064325,https://wearedesignteam.com/hd-wallpaper/images/air-india-airlines-png.png,#FF4500
AIR INDIA EXPRESS,AIR INDIA EXPRESS,2010,2124035,2230282,https://wearedesignteam.com/hd-wallpaper/images/air-india-airlines-png.png,#FF4500
AIR INDIA EXPRESS,AIR INDIA EXPRESS,2011,2079857,2124035,https://wearedesignteam.com/hd-wallpaper/images/air-india-airlines-png.png,#FF4500
AIR INDIA EXPRESS,AIR INDIA EXPRESS,2012,1944351,2079857,https://wearedesignteam.com/hd-wallpaper/images/air-india-airlines-png.png,#FF4500
AIR INDIA EXPRESS,AIR INDIA EXPRESS,2013,2313553,1944351,https://wearedesignteam.com/hd-wallpaper/images/air-india-airlines-png.png,#FF4500
AIR INDIA EXPRESS,AIR INDIA EXPRESS,2014,2392160,2313553,https://wearedesignteam.com/hd-wallpaper/images/air-india-airlines-png.png,#FF4500
AIR INDIA EXPRESS,AIR INDIA EXPRESS,2015,2634791,2392160,https://wearedesignteam.com/hd-wallpaper/images/air-india-airlines-png.png,#FF4500
AIR INDIA EXPRESS,AIR INDIA EXPRESS,2016,3309882,2634791,https://wearedesignteam.com/hd-wallpaper/images/air-india-airlines-png.png,#FF4500
AIR INDIA EXPRESS,AIR INDIA EXPRESS,2017,3758856,3309882,https://wearedesignteam.com/hd-wallpaper/images/air-india-airlines-png.png,#FF4500
AIR INDIA EXPRESS,AIR INDIA EXPRESS,2018,4229923,3758856,https://wearedesignteam.com/hd-wallpaper/images/air-india-airlines-png.png,#FF4500
JET AIRWAYS,JET AIRWAYS,1988,0,0,https://www.flyings.guru/images/airlines/JAI_A332.png,#B8860B
JET AIRWAYS,JET AIRWAYS,1989,0,0,https://www.flyings.guru/images/airlines/JAI_A332.png,#B8860B
JET AIRWAYS,JET AIRWAYS,1990,0,0,https://www.flyings.guru/images/airlines/JAI_A332.png,#B8860B
JET AIRWAYS,JET AIRWAYS,1991,0,0,https://www.flyings.guru/images/airlines/JAI_A332.png,#B8860B
JET AIRWAYS,JET AIRWAYS,1992,0,0,https://www.flyings.guru/images/airlines/JAI_A332.png,#B8860B
JET AIRWAYS,JET AIRWAYS,1993,0,0,https://www.flyings.guru/images/airlines/JAI_A332.png,#B8860B
JET AIRWAYS,JET AIRWAYS,1994,0,0,https://www.flyings.guru/images/airlines/JAI_A332.png,#B8860B
JET AIRWAYS,JET AIRWAYS,1995,1606976,0,https://www.flyings.guru/images/airlines/JAI_A332.png,#B8860B
JET AIRWAYS,JET AIRWAYS,1996,2369839,1606976,https://www.flyings.guru/images/airlines/JAI_A332.png,#B8860B
JET AIRWAYS,JET AIRWAYS,1997,3128577,2369839,https://www.flyings.guru/images/airlines/JAI_A332.png,#B8860B
JET AIRWAYS,JET AIRWAYS,1998,4029908,3128577,https://www.flyings.guru/images/airlines/JAI_A332.png,#B8860B
JET AIRWAYS,JET AIRWAYS,1999,4868104,4029908,https://www.flyings.guru/images/airlines/JAI_A332.png,#B8860B
JET AIRWAYS,JET AIRWAYS,2000,5924950,4868104,https://www.flyings.guru/images/airlines/JAI_A332.png,#B8860B
JET AIRWAYS,JET AIRWAYS,2001,5819714,5924950,https://www.flyings.guru/images/airlines/JAI_A332.png,#B8860B
JET AIRWAYS,JET AIRWAYS,2002,6401592,5819714,https://www.flyings.guru/images/airlines/JAI_A332.png,#B8860B
JET AIRWAYS,JET AIRWAYS,2003,6897888,6401592,https://www.flyings.guru/images/airlines/JAI_A332.png,#B8860B
JET AIRWAYS,JET AIRWAYS,2004,8014531,6897888,https://www.flyings.guru/images/airlines/JAI_A332.png,#B8860B
JET AIRWAYS,JET AIRWAYS,2005,9103568,8014531,https://www.flyings.guru/images/airlines/JAI_A332.png,#B8860B
JET AIRWAYS,JET AIRWAYS,2006,9914573,9103568,https://www.flyings.guru/images/airlines/JAI_A332.png,#B8860B
JET AIRWAYS,JET AIRWAYS,2007,9771046,9914573,https://www.flyings.guru/images/airlines/JAI_A332.png,#B8860B
JET AIRWAYS,JET AIRWAYS,2008,7923182,9771046,https://www.flyings.guru/images/airlines/JAI_A332.png,#B8860B
JET AIRWAYS,JET AIRWAYS,2009,8254769,7923182,https://www.flyings.guru/images/airlines/JAI_A332.png,#B8860B
JET AIRWAYS,JET AIRWAYS,2010,10026672,8254769,https://www.flyings.guru/images/airlines/JAI_A332.png,#B8860B
JET AIRWAYS,JET AIRWAYS,2011,11829459,10026672,https://www.flyings.guru/images/airlines/JAI_A332.png,#B8860B
JET AIRWAYS,JET AIRWAYS,2012,11352316,11829459,https://www.flyings.guru/images/airlines/JAI_A332.png,#B8860B
JET AIRWAYS,JET AIRWAYS,2013,11403081,11352316,https://www.flyings.guru/images/airlines/JAI_A332.png,#B8860B
JET AIRWAYS,JET AIRWAYS,2014,12473808,11403081,https://www.flyings.guru/images/airlines/JAI_A332.png,#B8860B
JET AIRWAYS,JET AIRWAYS,2015,15961308,12473808,https://www.flyings.guru/images/airlines/JAI_A332.png,#B8860B
JET AIRWAYS,JET AIRWAYS,2016,16276098,15961308,https://www.flyings.guru/images/airlines/JAI_A332.png,#B8860B
JET AIRWAYS,JET AIRWAYS,2017,18550776,16276098,https://www.flyings.guru/images/airlines/JAI_A332.png,#B8860B
JET AIRWAYS,JET AIRWAYS,2018,19029065,18550776,https://www.flyings.guru/images/airlines/JAI_A332.png,#B8860B
JET LITE,JET LITE,1988,0,0,https://upload.wikimedia.org/wikipedia/commons/thumb/d/db/Jet_Lite_logo.svg/120px-Jet_Lite_logo.svg.png,#8B0000
JET LITE,JET LITE,1989,0,0,https://upload.wikimedia.org/wikipedia/commons/thumb/d/db/Jet_Lite_logo.svg/120px-Jet_Lite_logo.svg.png,#8B0000
JET LITE,JET LITE,1990,0,0,https://upload.wikimedia.org/wikipedia/commons/thumb/d/db/Jet_Lite_logo.svg/120px-Jet_Lite_logo.svg.png,#8B0000
JET LITE,JET LITE,1991,0,0,https://upload.wikimedia.org/wikipedia/commons/thumb/d/db/Jet_Lite_logo.svg/120px-Jet_Lite_logo.svg.png,#8B0000
JET LITE,JET LITE,1992,0,0,https://upload.wikimedia.org/wikipedia/commons/thumb/d/db/Jet_Lite_logo.svg/120px-Jet_Lite_logo.svg.png,#8B0000
JET LITE,JET LITE,1993,0,0,https://upload.wikimedia.org/wikipedia/commons/thumb/d/db/Jet_Lite_logo.svg/120px-Jet_Lite_logo.svg.png,#8B0000
JET LITE,JET LITE,1994,0,0,https://upload.wikimedia.org/wikipedia/commons/thumb/d/db/Jet_Lite_logo.svg/120px-Jet_Lite_logo.svg.png,#8B0000
JET LITE,JET LITE,1995,0,0,https://upload.wikimedia.org/wikipedia/commons/thumb/d/db/Jet_Lite_logo.svg/120px-Jet_Lite_logo.svg.png,#8B0000
JET LITE,JET LITE,1996,0,0,https://upload.wikimedia.org/wikipedia/commons/thumb/d/db/Jet_Lite_logo.svg/120px-Jet_Lite_logo.svg.png,#8B0000
JET LITE,JET LITE,1997,0,0,https://upload.wikimedia.org/wikipedia/commons/thumb/d/db/Jet_Lite_logo.svg/120px-Jet_Lite_logo.svg.png,#8B0000
JET LITE,JET LITE,1998,0,0,https://upload.wikimedia.org/wikipedia/commons/thumb/d/db/Jet_Lite_logo.svg/120px-Jet_Lite_logo.svg.png,#8B0000
JET LITE,JET LITE,1999,0,0,https://upload.wikimedia.org/wikipedia/commons/thumb/d/db/Jet_Lite_logo.svg/120px-Jet_Lite_logo.svg.png,#8B0000
JET LITE,JET LITE,2000,0,0,https://upload.wikimedia.org/wikipedia/commons/thumb/d/db/Jet_Lite_logo.svg/120px-Jet_Lite_logo.svg.png,#8B0000
JET LITE,JET LITE,2001,0,0,https://upload.wikimedia.org/wikipedia/commons/thumb/d/db/Jet_Lite_logo.svg/120px-Jet_Lite_logo.svg.png,#8B0000
JET LITE,JET LITE,2002,0,0,https://upload.wikimedia.org/wikipedia/commons/thumb/d/db/Jet_Lite_logo.svg/120px-Jet_Lite_logo.svg.png,#8B0000
JET LITE,JET LITE,2003,0,0,https://upload.wikimedia.org/wikipedia/commons/thumb/d/db/Jet_Lite_logo.svg/120px-Jet_Lite_logo.svg.png,#8B0000
JET LITE,JET LITE,2004,0,0,https://upload.wikimedia.org/wikipedia/commons/thumb/d/db/Jet_Lite_logo.svg/120px-Jet_Lite_logo.svg.png,#8B0000
JET LITE,JET LITE,2005,0,0,https://upload.wikimedia.org/wikipedia/commons/thumb/d/db/Jet_Lite_logo.svg/120px-Jet_Lite_logo.svg.png,#8B0000
JET LITE,JET LITE,2006,2922426,0,https://upload.wikimedia.org/wikipedia/commons/thumb/d/db/Jet_Lite_logo.svg/120px-Jet_Lite_logo.svg.png,#8B0000
JET LITE,JET LITE,2007,3122840,2922426,https://upload.wikimedia.org/wikipedia/commons/thumb/d/db/Jet_Lite_logo.svg/120px-Jet_Lite_logo.svg.png,#8B0000
JET LITE,JET LITE,2008,3174371,3122840,https://upload.wikimedia.org/wikipedia/commons/thumb/d/db/Jet_Lite_logo.svg/120px-Jet_Lite_logo.svg.png,#8B0000
JET LITE,JET LITE,2009,3386399,3174371,https://upload.wikimedia.org/wikipedia/commons/thumb/d/db/Jet_Lite_logo.svg/120px-Jet_Lite_logo.svg.png,#8B0000
JET LITE,JET LITE,2010,4151198,3386399,https://upload.wikimedia.org/wikipedia/commons/thumb/d/db/Jet_Lite_logo.svg/120px-Jet_Lite_logo.svg.png,#8B0000
JET LITE,JET LITE,2011,4684103,4151198,https://upload.wikimedia.org/wikipedia/commons/thumb/d/db/Jet_Lite_logo.svg/120px-Jet_Lite_logo.svg.png,#8B0000
JET LITE,JET LITE,2012,3830609,4684103,https://upload.wikimedia.org/wikipedia/commons/thumb/d/db/Jet_Lite_logo.svg/120px-Jet_Lite_logo.svg.png,#8B0000
JET LITE,JET LITE,2013,3307127,3830609,https://upload.wikimedia.org/wikipedia/commons/thumb/d/db/Jet_Lite_logo.svg/120px-Jet_Lite_logo.svg.png,#8B0000
JET LITE,JET LITE,2014,3030638,3307127,https://upload.wikimedia.org/wikipedia/commons/thumb/d/db/Jet_Lite_logo.svg/120px-Jet_Lite_logo.svg.png,#8B0000
JET LITE,JET LITE,2015,2439721,3030638,https://upload.wikimedia.org/wikipedia/commons/thumb/d/db/Jet_Lite_logo.svg/120px-Jet_Lite_logo.svg.png,#8B0000
JET LITE,JET LITE,2016,2751042,2439721,https://upload.wikimedia.org/wikipedia/commons/thumb/d/db/Jet_Lite_logo.svg/120px-Jet_Lite_logo.svg.png,#8B0000
JET LITE,JET LITE,2017,2763377,2751042,https://upload.wikimedia.org/wikipedia/commons/thumb/d/db/Jet_Lite_logo.svg/120px-Jet_Lite_logo.svg.png,#8B0000
JET LITE,JET LITE,2018,2323026,2763377,https://upload.wikimedia.org/wikipedia/commons/thumb/d/db/Jet_Lite_logo.svg/120px-Jet_Lite_logo.svg.png,#8B0000
AIR SAHARA,AIR SAHARA,1988,0,0,https://www.freepngimg.com/thumb/airplane/29428-7-airplane-transparent.png,#228B24
AIR SAHARA,AIR SAHARA,1989,0,0,https://www.freepngimg.com/thumb/airplane/29428-7-airplane-transparent.png,#228B24
AIR SAHARA,AIR SAHARA,1990,0,0,https://www.freepngimg.com/thumb/airplane/29428-7-airplane-transparent.png,#228B24
AIR SAHARA,AIR SAHARA,1991,0,0,https://www.freepngimg.com/thumb/airplane/29428-7-airplane-transparent.png,#228B24
AIR SAHARA,AIR SAHARA,1992,0,0,https://www.freepngimg.com/thumb/airplane/29428-7-airplane-transparent.png,#228B24
AIR SAHARA,AIR SAHARA,1993,0,0,https://www.freepngimg.com/thumb/airplane/29428-7-airplane-transparent.png,#228B24
AIR SAHARA,AIR SAHARA,1994,0,0,https://www.freepngimg.com/thumb/airplane/29428-7-airplane-transparent.png,#228B24
AIR SAHARA,AIR SAHARA,1995,0,0,https://www.freepngimg.com/thumb/airplane/29428-7-airplane-transparent.png,#228B24
AIR SAHARA,AIR SAHARA,1995,76987,0,https://www.freepngimg.com/thumb/airplane/29428-7-airplane-transparent.png,#228B22
AIR SAHARA,AIR SAHARA,1996,367464,76987,https://www.freepngimg.com/thumb/airplane/29428-7-airplane-transparent.png,#228B23
AIR SAHARA,AIR SAHARA,1997,605053,367464,https://www.freepngimg.com/thumb/airplane/29428-7-airplane-transparent.png,#228B24
AIR SAHARA,AIR SAHARA,1998,515514,605053,https://www.freepngimg.com/thumb/airplane/29428-7-airplane-transparent.png,#228B25
AIR SAHARA,AIR SAHARA,1999,639329,515514,https://www.freepngimg.com/thumb/airplane/29428-7-airplane-transparent.png,#228B26
AIR SAHARA,AIR SAHARA,2000,688321,639329,https://www.freepngimg.com/thumb/airplane/29428-7-airplane-transparent.png,#228B27
AIR SAHARA,AIR SAHARA,2001,613247,688321,https://www.freepngimg.com/thumb/airplane/29428-7-airplane-transparent.png,#228B28
AIR SAHARA,AIR SAHARA,2002,1301972,613247,https://www.freepngimg.com/thumb/airplane/29428-7-airplane-transparent.png,#228B29
AIR SAHARA,AIR SAHARA,2003,1923797,1301972,https://www.freepngimg.com/thumb/airplane/29428-7-airplane-transparent.png,#228B30
AIR SAHARA,AIR SAHARA,2004,2605769,1923797,https://www.freepngimg.com/thumb/airplane/29428-7-airplane-transparent.png,#228B31
AIR SAHARA,AIR SAHARA,2005,2766595,2605769,https://www.freepngimg.com/thumb/airplane/29428-7-airplane-transparent.png,#228B32
AIR SAHARA,AIR SAHARA,2006,0,2766595,https://www.freepngimg.com/thumb/airplane/29428-7-airplane-transparent.png,#228B33
AIR SAHARA,AIR SAHARA,2007,0,0,https://www.freepngimg.com/thumb/airplane/29428-7-airplane-transparent.png,#228B34
AIR SAHARA,AIR SAHARA,2008,0,0,https://www.freepngimg.com/thumb/airplane/29428-7-airplane-transparent.png,#228B35
AIR SAHARA,AIR SAHARA,2009,0,0,https://www.freepngimg.com/thumb/airplane/29428-7-airplane-transparent.png,#228B36
AIR SAHARA,AIR SAHARA,2010,0,0,https://www.freepngimg.com/thumb/airplane/29428-7-airplane-transparent.png,#228B37
AIR SAHARA,AIR SAHARA,2011,0,0,https://www.freepngimg.com/thumb/airplane/29428-7-airplane-transparent.png,#228B38
AIR SAHARA,AIR SAHARA,2012,0,0,https://www.freepngimg.com/thumb/airplane/29428-7-airplane-transparent.png,#228B39
AIR SAHARA,AIR SAHARA,2013,0,0,https://www.freepngimg.com/thumb/airplane/29428-7-airplane-transparent.png,#228B40
AIR SAHARA,AIR SAHARA,2014,0,0,https://www.freepngimg.com/thumb/airplane/29428-7-airplane-transparent.png,#228B41
AIR SAHARA,AIR SAHARA,2015,0,0,https://www.freepngimg.com/thumb/airplane/29428-7-airplane-transparent.png,#228B42
AIR SAHARA,AIR SAHARA,2016,0,0,https://www.freepngimg.com/thumb/airplane/29428-7-airplane-transparent.png,#228B43
AIR SAHARA,AIR SAHARA,2017,0,0,https://www.freepngimg.com/thumb/airplane/29428-7-airplane-transparent.png,#228B44
AIR SAHARA,AIR SAHARA,2018,0,0,https://www.freepngimg.com/thumb/airplane/29428-7-airplane-transparent.png,#228B45
ALLIANCE AIR,ALLIANCE AIR,1988,0,0,https://pngriver.com/wp-content/uploads/2018/04/Download-Plane-PNG-Clipart.png,#FF00FF
ALLIANCE AIR,ALLIANCE AIR,1989,0,0,https://pngriver.com/wp-content/uploads/2018/04/Download-Plane-PNG-Clipart.png,#FF00FF
ALLIANCE AIR,ALLIANCE AIR,1990,0,0,https://pngriver.com/wp-content/uploads/2018/04/Download-Plane-PNG-Clipart.png,#FF00FF
ALLIANCE AIR,ALLIANCE AIR,1991,0,0,https://pngriver.com/wp-content/uploads/2018/04/Download-Plane-PNG-Clipart.png,#FF00FF
ALLIANCE AIR,ALLIANCE AIR,1992,0,0,https://pngriver.com/wp-content/uploads/2018/04/Download-Plane-PNG-Clipart.png,#FF00FF
ALLIANCE AIR,ALLIANCE AIR,1993,0,0,https://pngriver.com/wp-content/uploads/2018/04/Download-Plane-PNG-Clipart.png,#FF00FF
ALLIANCE AIR,ALLIANCE AIR,1994,0,0,https://pngriver.com/wp-content/uploads/2018/04/Download-Plane-PNG-Clipart.png,#FF00FF
ALLIANCE AIR,ALLIANCE AIR,1995,0,0,https://pngriver.com/wp-content/uploads/2018/04/Download-Plane-PNG-Clipart.png,#FF00FF
ALLIANCE AIR,ALLIANCE AIR,1996,1070000,0,https://pngriver.com/wp-content/uploads/2018/04/Download-Plane-PNG-Clipart.png,#FF00FF
ALLIANCE AIR,ALLIANCE AIR,1997,2030000,1070000,https://pngriver.com/wp-content/uploads/2018/04/Download-Plane-PNG-Clipart.png,#FF00FF
ALLIANCE AIR,ALLIANCE AIR,1998,1961000,2030000,https://pngriver.com/wp-content/uploads/2018/04/Download-Plane-PNG-Clipart.png,#FF00FF
ALLIANCE AIR,ALLIANCE AIR,1999,1857000,1961000,https://pngriver.com/wp-content/uploads/2018/04/Download-Plane-PNG-Clipart.png,#FF00FF
ALLIANCE AIR,ALLIANCE AIR,2000,1671000,1857000,https://pngriver.com/wp-content/uploads/2018/04/Download-Plane-PNG-Clipart.png,#FF00FF
ALLIANCE AIR,ALLIANCE AIR,2001,1490000,1671000,https://pngriver.com/wp-content/uploads/2018/04/Download-Plane-PNG-Clipart.png,#FF00FF
ALLIANCE AIR,ALLIANCE AIR,2002,1416000,1490000,https://pngriver.com/wp-content/uploads/2018/04/Download-Plane-PNG-Clipart.png,#FF00FF
ALLIANCE AIR,ALLIANCE AIR,2003,1548930,1416000,https://pngriver.com/wp-content/uploads/2018/04/Download-Plane-PNG-Clipart.png,#FF00FF
ALLIANCE AIR,ALLIANCE AIR,2004,1452836,1548930,https://pngriver.com/wp-content/uploads/2018/04/Download-Plane-PNG-Clipart.png,#FF00FF
ALLIANCE AIR,ALLIANCE AIR,2005,1009626,1452836,https://pngriver.com/wp-content/uploads/2018/04/Download-Plane-PNG-Clipart.png,#FF00FF
ALLIANCE AIR,ALLIANCE AIR,2006,817966,1009626,https://pngriver.com/wp-content/uploads/2018/04/Download-Plane-PNG-Clipart.png,#FF00FF
ALLIANCE AIR,ALLIANCE AIR,2007,537532,817966,https://pngriver.com/wp-content/uploads/2018/04/Download-Plane-PNG-Clipart.png,#FF00FF
ALLIANCE AIR,ALLIANCE AIR,2008,318289,537532,https://pngriver.com/wp-content/uploads/2018/04/Download-Plane-PNG-Clipart.png,#FF00FF
ALLIANCE AIR,ALLIANCE AIR,2009,455180,318289,https://pngriver.com/wp-content/uploads/2018/04/Download-Plane-PNG-Clipart.png,#FF00FF
ALLIANCE AIR,ALLIANCE AIR,2010,503801,455180,https://pngriver.com/wp-content/uploads/2018/04/Download-Plane-PNG-Clipart.png,#FF00FF
ALLIANCE AIR,ALLIANCE AIR,2011,467257,503801,https://pngriver.com/wp-content/uploads/2018/04/Download-Plane-PNG-Clipart.png,#FF00FF
ALLIANCE AIR,ALLIANCE AIR,2012,392947,467257,https://pngriver.com/wp-content/uploads/2018/04/Download-Plane-PNG-Clipart.png,#FF00FF
ALLIANCE AIR,ALLIANCE AIR,2013,363801,392947,https://pngriver.com/wp-content/uploads/2018/04/Download-Plane-PNG-Clipart.png,#FF00FF
ALLIANCE AIR,ALLIANCE AIR,2014,310492,363801,https://pngriver.com/wp-content/uploads/2018/04/Download-Plane-PNG-Clipart.png,#FF00FF
ALLIANCE AIR,ALLIANCE AIR,2015,400340,310492,https://pngriver.com/wp-content/uploads/2018/04/Download-Plane-PNG-Clipart.png,#FF00FF
ALLIANCE AIR,ALLIANCE AIR,2016,625411,400340,https://pngriver.com/wp-content/uploads/2018/04/Download-Plane-PNG-Clipart.png,#FF00FF
ALLIANCE AIR,ALLIANCE AIR,2017,1281251,625411,https://pngriver.com/wp-content/uploads/2018/04/Download-Plane-PNG-Clipart.png,#FF00FF
ALLIANCE AIR,ALLIANCE AIR,2018,1611070,1281251,https://pngriver.com/wp-content/uploads/2018/04/Download-Plane-PNG-Clipart.png,#FF00FF
AIR DECCAN,AIR DECCAN,1988,0,0,https://www.clipartwiki.com/clipimg/full/142-1426324_file-png-airplane-clipart-uak-png.png,#008080
AIR DECCAN,AIR DECCAN,1989,0,0,https://www.clipartwiki.com/clipimg/full/142-1426324_file-png-airplane-clipart-uak-png.png,#008080
AIR DECCAN,AIR DECCAN,1990,0,0,https://www.clipartwiki.com/clipimg/full/142-1426324_file-png-airplane-clipart-uak-png.png,#008080
AIR DECCAN,AIR DECCAN,1991,0,0,https://www.clipartwiki.com/clipimg/full/142-1426324_file-png-airplane-clipart-uak-png.png,#008080
AIR DECCAN,AIR DECCAN,1992,0,0,https://www.clipartwiki.com/clipimg/full/142-1426324_file-png-airplane-clipart-uak-png.png,#008080
AIR DECCAN,AIR DECCAN,1993,0,0,https://www.clipartwiki.com/clipimg/full/142-1426324_file-png-airplane-clipart-uak-png.png,#008080
AIR DECCAN,AIR DECCAN,1994,0,0,https://www.clipartwiki.com/clipimg/full/142-1426324_file-png-airplane-clipart-uak-png.png,#008080
AIR DECCAN,AIR DECCAN,1995,0,0,https://www.clipartwiki.com/clipimg/full/142-1426324_file-png-airplane-clipart-uak-png.png,#008080
AIR DECCAN,AIR DECCAN,1996,0,0,https://www.clipartwiki.com/clipimg/full/142-1426324_file-png-airplane-clipart-uak-png.png,#008080
AIR DECCAN,AIR DECCAN,1997,0,0,https://www.clipartwiki.com/clipimg/full/142-1426324_file-png-airplane-clipart-uak-png.png,#008080
AIR DECCAN,AIR DECCAN,1998,0,0,https://www.clipartwiki.com/clipimg/full/142-1426324_file-png-airplane-clipart-uak-png.png,#008080
AIR DECCAN,AIR DECCAN,1999,0,0,https://www.clipartwiki.com/clipimg/full/142-1426324_file-png-airplane-clipart-uak-png.png,#008080
AIR DECCAN,AIR DECCAN,2000,0,0,https://www.clipartwiki.com/clipimg/full/142-1426324_file-png-airplane-clipart-uak-png.png,#008080
AIR DECCAN,AIR DECCAN,2001,0,0,https://www.clipartwiki.com/clipimg/full/142-1426324_file-png-airplane-clipart-uak-png.png,#008080
AIR DECCAN,AIR DECCAN,2002,0,0,https://www.clipartwiki.com/clipimg/full/142-1426324_file-png-airplane-clipart-uak-png.png,#008080
AIR DECCAN,AIR DECCAN,2003,0,0,https://www.clipartwiki.com/clipimg/full/142-1426324_file-png-airplane-clipart-uak-png.png,#008080
AIR DECCAN,AIR DECCAN,2004,0,0,https://www.clipartwiki.com/clipimg/full/142-1426324_file-png-airplane-clipart-uak-png.png,#008080
AIR DECCAN,AIR DECCAN,2005,0,0,https://www.clipartwiki.com/clipimg/full/142-1426324_file-png-airplane-clipart-uak-png.png,#008080
AIR DECCAN,AIR DECCAN,2006,0,0,https://www.clipartwiki.com/clipimg/full/142-1426324_file-png-airplane-clipart-uak-png.png,#008080
AIR DECCAN,AIR DECCAN,2007,0,0,https://www.clipartwiki.com/clipimg/full/142-1426324_file-png-airplane-clipart-uak-png.png,#008080
AIR DECCAN,AIR DECCAN,2008,0,0,https://www.clipartwiki.com/clipimg/full/142-1426324_file-png-airplane-clipart-uak-png.png,#008080
AIR DECCAN,AIR DECCAN,2009,0,0,https://www.clipartwiki.com/clipimg/full/142-1426324_file-png-airplane-clipart-uak-png.png,#008080
AIR DECCAN,AIR DECCAN,2010,0,0,https://www.clipartwiki.com/clipimg/full/142-1426324_file-png-airplane-clipart-uak-png.png,#008080
AIR DECCAN,AIR DECCAN,2011,0,0,https://www.clipartwiki.com/clipimg/full/142-1426324_file-png-airplane-clipart-uak-png.png,#008080
AIR DECCAN,AIR DECCAN,2012,0,0,https://www.clipartwiki.com/clipimg/full/142-1426324_file-png-airplane-clipart-uak-png.png,#008080
AIR DECCAN,AIR DECCAN,2013,0,0,https://www.clipartwiki.com/clipimg/full/142-1426324_file-png-airplane-clipart-uak-png.png,#008080
AIR DECCAN,AIR DECCAN,2014,0,0,https://www.clipartwiki.com/clipimg/full/142-1426324_file-png-airplane-clipart-uak-png.png,#008080
AIR DECCAN,AIR DECCAN,2015,0,0,https://www.clipartwiki.com/clipimg/full/142-1426324_file-png-airplane-clipart-uak-png.png,#008080
AIR DECCAN,AIR DECCAN,2016,0,0,https://www.clipartwiki.com/clipimg/full/142-1426324_file-png-airplane-clipart-uak-png.png,#008080
AIR DECCAN,AIR DECCAN,2017,252,0,https://www.clipartwiki.com/clipimg/full/142-1426324_file-png-airplane-clipart-uak-png.png,#008080
AIR DECCAN,AIR DECCAN,2018,7635,252,https://www.clipartwiki.com/clipimg/full/142-1426324_file-png-airplane-clipart-uak-png.png,#008080
INDIGO,INDIGO,1988,0,0,https://www.flyings.guru/images/airlines/IGO_A320.png,#4169E1
INDIGO,INDIGO,1989,0,0,https://www.flyings.guru/images/airlines/IGO_A320.png,#4169E1
INDIGO,INDIGO,1990,0,0,https://www.flyings.guru/images/airlines/IGO_A320.png,#4169E1
INDIGO,INDIGO,1991,0,0,https://www.flyings.guru/images/airlines/IGO_A320.png,#4169E1
INDIGO,INDIGO,1992,0,0,https://www.flyings.guru/images/airlines/IGO_A320.png,#4169E1
INDIGO,INDIGO,1993,0,0,https://www.flyings.guru/images/airlines/IGO_A320.png,#4169E1
INDIGO,INDIGO,1994,0,0,https://www.flyings.guru/images/airlines/IGO_A320.png,#4169E1
INDIGO,INDIGO,1995,0,0,https://www.flyings.guru/images/airlines/IGO_A320.png,#4169E1
INDIGO,INDIGO,1996,0,0,https://www.flyings.guru/images/airlines/IGO_A320.png,#4169E1
INDIGO,INDIGO,1997,0,0,https://www.flyings.guru/images/airlines/IGO_A320.png,#4169E1
INDIGO,INDIGO,1998,0,0,https://www.flyings.guru/images/airlines/IGO_A320.png,#4169E1
INDIGO,INDIGO,1999,0,0,https://www.flyings.guru/images/airlines/IGO_A320.png,#4169E1
INDIGO,INDIGO,2000,0,0,https://www.flyings.guru/images/airlines/IGO_A320.png,#4169E1
INDIGO,INDIGO,2001,0,0,https://www.flyings.guru/images/airlines/IGO_A320.png,#4169E1
INDIGO,INDIGO,2002,0,0,https://www.flyings.guru/images/airlines/IGO_A320.png,#4169E1
INDIGO,INDIGO,2003,0,0,https://www.flyings.guru/images/airlines/IGO_A320.png,#4169E1
INDIGO,INDIGO,2004,0,0,https://www.flyings.guru/images/airlines/IGO_A320.png,#4169E1
INDIGO,INDIGO,2005,0,0,https://www.flyings.guru/images/airlines/IGO_A320.png,#4169E1
INDIGO,INDIGO,2006,912962,0,https://www.flyings.guru/images/airlines/IGO_A320.png,#4169E1
INDIGO,INDIGO,2007,3890112,912962,https://www.flyings.guru/images/airlines/IGO_A320.png,#4169E1
INDIGO,INDIGO,2008,4917360,3890112,https://www.flyings.guru/images/airlines/IGO_A320.png,#4169E1
INDIGO,INDIGO,2009,6101548,4917360,https://www.flyings.guru/images/airlines/IGO_A320.png,#4169E1
INDIGO,INDIGO,2010,8496425,6101548,https://www.flyings.guru/images/airlines/IGO_A320.png,#4169E1
INDIGO,INDIGO,2011,11827205,8496425,https://www.flyings.guru/images/airlines/IGO_A320.png,#4169E1
INDIGO,INDIGO,2012,14769454,11827205,https://www.flyings.guru/images/airlines/IGO_A320.png,#4169E1
INDIGO,INDIGO,2013,17759096,14769454,https://www.flyings.guru/images/airlines/IGO_A320.png,#4169E1
INDIGO,INDIGO,2014,21425694,17759096,https://www.flyings.guru/images/airlines/IGO_A320.png,#4169E1
INDIGO,INDIGO,2015,29743558,21425694,https://www.flyings.guru/images/airlines/IGO_A320.png,#4169E1
INDIGO,INDIGO,2016,39263954,29743558,https://www.flyings.guru/images/airlines/IGO_A320.png,#4169E1
INDIGO,INDIGO,2017,46371858,39263954,https://www.flyings.guru/images/airlines/IGO_A320.png,#4169E1
INDIGO,INDIGO,2018,57768264,46371858,https://www.flyings.guru/images/airlines/IGO_A320.png,#4169E1
SPICEJET,SPICEJET,1988,0,0,https://flyings.net/images/aircraft/SG_B737.png,#e3053c
SPICEJET,SPICEJET,1989,0,0,https://flyings.net/images/aircraft/SG_B737.png,#e3053c
SPICEJET,SPICEJET,1990,0,0,https://flyings.net/images/aircraft/SG_B737.png,#e3053c
SPICEJET,SPICEJET,1991,0,0,https://flyings.net/images/aircraft/SG_B737.png,#e3053c
SPICEJET,SPICEJET,1992,0,0,https://flyings.net/images/aircraft/SG_B737.png,#e3053c
SPICEJET,SPICEJET,1993,0,0,https://flyings.net/images/aircraft/SG_B737.png,#e3053c
SPICEJET,SPICEJET,1994,0,0,https://flyings.net/images/aircraft/SG_B737.png,#e3053c
SPICEJET,SPICEJET,1995,0,0,https://flyings.net/images/aircraft/SG_B737.png,#e3053c
SPICEJET,SPICEJET,1996,0,0,https://flyings.net/images/aircraft/SG_B737.png,#e3053c
SPICEJET,SPICEJET,1997,0,0,https://flyings.net/images/aircraft/SG_B737.png,#e3053c
SPICEJET,SPICEJET,1998,0,0,https://flyings.net/images/aircraft/SG_B737.png,#e3053c
SPICEJET,SPICEJET,1999,0,0,https://flyings.net/images/aircraft/SG_B737.png,#e3053c
SPICEJET,SPICEJET,2000,0,0,https://flyings.net/images/aircraft/SG_B737.png,#e3053c
SPICEJET,SPICEJET,2001,0,0,https://flyings.net/images/aircraft/SG_B737.png,#e3053c
SPICEJET,SPICEJET,2002,0,0,https://flyings.net/images/aircraft/SG_B737.png,#e3053c
SPICEJET,SPICEJET,2003,0,0,https://flyings.net/images/aircraft/SG_B737.png,#e3053c
SPICEJET,SPICEJET,2004,0,0,https://flyings.net/images/aircraft/SG_B737.png,#e3053c
SPICEJET,SPICEJET,2005,1108040,0,https://flyings.net/images/aircraft/SG_B737.png,#e3053c
SPICEJET,SPICEJET,2006,2598479,1108040,https://flyings.net/images/aircraft/SG_B737.png,#e3053c
SPICEJET,SPICEJET,2007,4094632,2598479,https://flyings.net/images/aircraft/SG_B737.png,#e3053c
SPICEJET,SPICEJET,2008,4099458,4094632,https://flyings.net/images/aircraft/SG_B737.png,#e3053c
SPICEJET,SPICEJET,2009,5447802,4099458,https://flyings.net/images/aircraft/SG_B737.png,#e3053c
SPICEJET,SPICEJET,2010,6721579,5447802,https://flyings.net/images/aircraft/SG_B737.png,#e3053c
SPICEJET,SPICEJET,2011,8759236,6721579,https://flyings.net/images/aircraft/SG_B737.png,#e3053c
SPICEJET,SPICEJET,2012,10608899,8759236,https://flyings.net/images/aircraft/SG_B737.png,#e3053c
SPICEJET,SPICEJET,2013,11692097,10608899,https://flyings.net/images/aircraft/SG_B737.png,#e3053c
SPICEJET,SPICEJET,2014,11750041,11692097,https://flyings.net/images/aircraft/SG_B737.png,#e3053c
SPICEJET,SPICEJET,2015,9425939,11750041,https://flyings.net/images/aircraft/SG_B737.png,#e3053c
SPICEJET,SPICEJET,2016,12675346,9425939,https://flyings.net/images/aircraft/SG_B737.png,#e3053c
SPICEJET,SPICEJET,2017,15431876,12675346,https://flyings.net/images/aircraft/SG_B737.png,#e3053c
SPICEJET,SPICEJET,2018,17104236,15431876,https://flyings.net/images/aircraft/SG_B737.png,#e3053c
KINGFISHER,KINGFISHER,1988,0,0,https://flyings.net/images/airlines/KFR_A320.png,#a33c43
KINGFISHER,KINGFISHER,1989,0,0,https://flyings.net/images/airlines/KFR_A320.png,#a33c43
KINGFISHER,KINGFISHER,1990,0,0,https://flyings.net/images/airlines/KFR_A320.png,#a33c43
KINGFISHER,KINGFISHER,1991,0,0,https://flyings.net/images/airlines/KFR_A320.png,#a33c43
KINGFISHER,KINGFISHER,1992,0,0,https://flyings.net/images/airlines/KFR_A320.png,#a33c43
KINGFISHER,KINGFISHER,1993,0,0,https://flyings.net/images/airlines/KFR_A320.png,#a33c43
KINGFISHER,KINGFISHER,1994,0,0,https://flyings.net/images/airlines/KFR_A320.png,#a33c43
KINGFISHER,KINGFISHER,1995,0,0,https://flyings.net/images/airlines/KFR_A320.png,#a33c43
KINGFISHER,KINGFISHER,1996,0,0,https://flyings.net/images/airlines/KFR_A320.png,#a33c43
KINGFISHER,KINGFISHER,1997,0,0,https://flyings.net/images/airlines/KFR_A320.png,#a33c43
KINGFISHER,KINGFISHER,1998,0,0,https://flyings.net/images/airlines/KFR_A320.png,#a33c43
KINGFISHER,KINGFISHER,1999,0,0,https://flyings.net/images/airlines/KFR_A320.png,#a33c43
KINGFISHER,KINGFISHER,2000,0,0,https://flyings.net/images/airlines/KFR_A320.png,#a33c43
KINGFISHER,KINGFISHER,2001,0,0,https://flyings.net/images/airlines/KFR_A320.png,#a33c43
KINGFISHER,KINGFISHER,2002,0,0,https://flyings.net/images/airlines/KFR_A320.png,#a33c43
KINGFISHER,KINGFISHER,2003,0,0,https://flyings.net/images/airlines/KFR_A320.png,#a33c43
KINGFISHER,KINGFISHER,2004,0,0,https://flyings.net/images/airlines/KFR_A320.png,#a33c43
KINGFISHER,KINGFISHER,2005,1227107,0,https://flyings.net/images/airlines/KFR_A320.png,#a33c43
KINGFISHER,KINGFISHER,2006,3260714,1227107,https://flyings.net/images/airlines/KFR_A320.png,#a33c43
KINGFISHER,KINGFISHER,2007,5785627,3260714,https://flyings.net/images/airlines/KFR_A320.png,#a33c43
KINGFISHER,KINGFISHER,2008,8563824,5785627,https://flyings.net/images/airlines/KFR_A320.png,#a33c43
KINGFISHER,KINGFISHER,2009,10509104,8563824,https://flyings.net/images/airlines/KFR_A320.png,#a33c43
KINGFISHER,KINGFISHER,2010,10765680,10526121,https://flyings.net/images/airlines/KFR_A320.png,#a33c43
KINGFISHER,KINGFISHER,2011,10915675,10765680,https://flyings.net/images/airlines/KFR_A320.png,#a33c43
KINGFISHER,KINGFISHER,2012,2612767,10915675,https://flyings.net/images/airlines/KFR_A320.png,#a33c43
KINGFISHER,KINGFISHER,2013,0,2612767,https://flyings.net/images/airlines/KFR_A320.png,#a33c43
KINGFISHER,KINGFISHER,2014,0,0,https://flyings.net/images/airlines/KFR_A320.png,#a33c43
KINGFISHER,KINGFISHER,2015,0,0,https://flyings.net/images/airlines/KFR_A320.png,#a33c43
KINGFISHER,KINGFISHER,2016,0,0,https://flyings.net/images/airlines/KFR_A320.png,#a33c43
KINGFISHER,KINGFISHER,2017,0,0,https://flyings.net/images/airlines/KFR_A320.png,#a33c43
KINGFISHER,KINGFISHER,2018,0,0,https://flyings.net/images/airlines/KFR_A320.png,#a33c43
GO AIR,GO AIR,1988,0,0,http://www.wearedesignteam.com/design/images/goair-flight.png,#00008B
GO AIR,GO AIR,1989,0,0,http://www.wearedesignteam.com/design/images/goair-flight.png,#00008B
GO AIR,GO AIR,1990,0,0,http://www.wearedesignteam.com/design/images/goair-flight.png,#00008B
GO AIR,GO AIR,1991,0,0,http://www.wearedesignteam.com/design/images/goair-flight.png,#00008B
GO AIR,GO AIR,1992,0,0,http://www.wearedesignteam.com/design/images/goair-flight.png,#00008B
GO AIR,GO AIR,1993,0,0,http://www.wearedesignteam.com/design/images/goair-flight.png,#00008B
GO AIR,GO AIR,1994,0,0,http://www.wearedesignteam.com/design/images/goair-flight.png,#00008B
GO AIR,GO AIR,1995,0,0,http://www.wearedesignteam.com/design/images/goair-flight.png,#00008B
GO AIR,GO AIR,1996,0,0,http://www.wearedesignteam.com/design/images/goair-flight.png,#00008B
GO AIR,GO AIR,1997,0,0,http://www.wearedesignteam.com/design/images/goair-flight.png,#00008B
GO AIR,GO AIR,1998,0,0,http://www.wearedesignteam.com/design/images/goair-flight.png,#00008B
GO AIR,GO AIR,1999,0,0,http://www.wearedesignteam.com/design/images/goair-flight.png,#00008B
GO AIR,GO AIR,2000,0,0,http://www.wearedesignteam.com/design/images/goair-flight.png,#00008B
GO AIR,GO AIR,2001,0,0,http://www.wearedesignteam.com/design/images/goair-flight.png,#00008B
GO AIR,GO AIR,2002,0,0,http://www.wearedesignteam.com/design/images/goair-flight.png,#00008B
GO AIR,GO AIR,2003,0,0,http://www.wearedesignteam.com/design/images/goair-flight.png,#00008B
GO AIR,GO AIR,2004,0,0,http://www.wearedesignteam.com/design/images/goair-flight.png,#00008B
GO AIR,GO AIR,2005,166666,0,http://www.wearedesignteam.com/design/images/goair-flight.png,#00008B
GO AIR,GO AIR,2006,1263048,166666,http://www.wearedesignteam.com/design/images/goair-flight.png,#00008B
GO AIR,GO AIR,2007,1806121,1263048,http://www.wearedesignteam.com/design/images/goair-flight.png,#00008B
GO AIR,GO AIR,2008,1128475,1806121,http://www.wearedesignteam.com/design/images/goair-flight.png,#00008B
GO AIR,GO AIR,2009,2438167,1128475,http://www.wearedesignteam.com/design/images/goair-flight.png,#00008B
GO AIR,GO AIR,2010,3393984,2438167,http://www.wearedesignteam.com/design/images/goair-flight.png,#00008B
GO AIR,GO AIR,2011,3785881,3393984,http://www.wearedesignteam.com/design/images/goair-flight.png,#00008B
GO AIR,GO AIR,2012,4386914,3785881,http://www.wearedesignteam.com/design/images/goair-flight.png,#00008B
GO AIR,GO AIR,2013,5252416,4386914,http://www.wearedesignteam.com/design/images/goair-flight.png,#00008B
GO AIR,GO AIR,2014,6529936,5252416,http://www.wearedesignteam.com/design/images/goair-flight.png,#00008B
GO AIR,GO AIR,2015,7160189,6529936,http://www.wearedesignteam.com/design/images/goair-flight.png,#00008B
GO AIR,GO AIR,2016,8645969,7160189,http://www.wearedesignteam.com/design/images/goair-flight.png,#00008B
GO AIR,GO AIR,2017,10829141,8645969,http://www.wearedesignteam.com/design/images/goair-flight.png,#00008B
GO AIR,GO AIR,2018,12463932,10829141,http://www.wearedesignteam.com/design/images/goair-flight.png,#00008B
AIR ASIA,AIR ASIA,1988,0,0,https://tradenews.co.in/upload_images/destination/15206010614.png,#ff0905
AIR ASIA,AIR ASIA,1989,0,0,https://tradenews.co.in/upload_images/destination/15206010614.png,#ff0905
AIR ASIA,AIR ASIA,1990,0,0,https://tradenews.co.in/upload_images/destination/15206010614.png,#ff0905
AIR ASIA,AIR ASIA,1991,0,0,https://tradenews.co.in/upload_images/destination/15206010614.png,#ff0905
AIR ASIA,AIR ASIA,1992,0,0,https://tradenews.co.in/upload_images/destination/15206010614.png,#ff0905
AIR ASIA,AIR ASIA,1993,0,0,https://tradenews.co.in/upload_images/destination/15206010614.png,#ff0905
AIR ASIA,AIR ASIA,1994,0,0,https://tradenews.co.in/upload_images/destination/15206010614.png,#ff0905
AIR ASIA,AIR ASIA,1995,0,0,https://tradenews.co.in/upload_images/destination/15206010614.png,#ff0905
AIR ASIA,AIR ASIA,1996,0,0,https://tradenews.co.in/upload_images/destination/15206010614.png,#ff0905
AIR ASIA,AIR ASIA,1997,0,0,https://tradenews.co.in/upload_images/destination/15206010614.png,#ff0905
AIR ASIA,AIR ASIA,1998,0,0,https://tradenews.co.in/upload_images/destination/15206010614.png,#ff0905
AIR ASIA,AIR ASIA,1999,0,0,https://tradenews.co.in/upload_images/destination/15206010614.png,#ff0905
AIR ASIA,AIR ASIA,2000,0,0,https://tradenews.co.in/upload_images/destination/15206010614.png,#ff0905
AIR ASIA,AIR ASIA,2001,0,0,https://tradenews.co.in/upload_images/destination/15206010614.png,#ff0905
AIR ASIA,AIR ASIA,2002,0,0,https://tradenews.co.in/upload_images/destination/15206010614.png,#ff0905
AIR ASIA,AIR ASIA,2003,0,0,https://tradenews.co.in/upload_images/destination/15206010614.png,#ff0905
AIR ASIA,AIR ASIA,2004,0,0,https://tradenews.co.in/upload_images/destination/15206010614.png,#ff0905
AIR ASIA,AIR ASIA,2005,0,0,https://tradenews.co.in/upload_images/destination/15206010614.png,#ff0905
AIR ASIA,AIR ASIA,2006,0,0,https://tradenews.co.in/upload_images/destination/15206010614.png,#ff0905
AIR ASIA,AIR ASIA,2007,0,0,https://tradenews.co.in/upload_images/destination/15206010614.png,#ff0905
AIR ASIA,AIR ASIA,2008,0,0,https://tradenews.co.in/upload_images/destination/15206010614.png,#ff0905
AIR ASIA,AIR ASIA,2009,0,0,https://tradenews.co.in/upload_images/destination/15206010614.png,#ff0905
AIR ASIA,AIR ASIA,2010,0,0,https://tradenews.co.in/upload_images/destination/15206010614.png,#ff0905
AIR ASIA,AIR ASIA,2011,0,0,https://tradenews.co.in/upload_images/destination/15206010614.png,#ff0905
AIR ASIA,AIR ASIA,2012,0,0,https://tradenews.co.in/upload_images/destination/15206010614.png,#ff0905
AIR ASIA,AIR ASIA,2013,0,0,https://tradenews.co.in/upload_images/destination/15206010614.png,#ff0905
AIR ASIA,AIR ASIA,2014,553106,0,https://tradenews.co.in/upload_images/destination/15206010614.png,#ff0905
AIR ASIA,AIR ASIA,2015,1705808,553106,https://tradenews.co.in/upload_images/destination/15206010614.png,#ff0905
AIR ASIA,AIR ASIA,2016,2668553,1705808,https://tradenews.co.in/upload_images/destination/15206010614.png,#ff0905
AIR ASIA,AIR ASIA,2017,4984419,2668553,https://tradenews.co.in/upload_images/destination/15206010614.png,#ff0905
AIR ASIA,AIR ASIA,2018,6823534,4984419,https://tradenews.co.in/upload_images/destination/15206010614.png,#ff0905
VISTARA,VISTARA,1988,0,0,https://wearedesignteam.com/hd-wallpaper/images/vistara-airlines-png.png,#800080
VISTARA,VISTARA,1989,0,0,https://wearedesignteam.com/hd-wallpaper/images/vistara-airlines-png.png,#800080
VISTARA,VISTARA,1990,0,0,https://wearedesignteam.com/hd-wallpaper/images/vistara-airlines-png.png,#800080
VISTARA,VISTARA,1991,0,0,https://wearedesignteam.com/hd-wallpaper/images/vistara-airlines-png.png,#800080
VISTARA,VISTARA,1992,0,0,https://wearedesignteam.com/hd-wallpaper/images/vistara-airlines-png.png,#800080
VISTARA,VISTARA,1993,0,0,https://wearedesignteam.com/hd-wallpaper/images/vistara-airlines-png.png,#800080
VISTARA,VISTARA,1994,0,0,https://wearedesignteam.com/hd-wallpaper/images/vistara-airlines-png.png,#800080
VISTARA,VISTARA,1995,0,0,https://wearedesignteam.com/hd-wallpaper/images/vistara-airlines-png.png,#800080
VISTARA,VISTARA,1996,0,0,https://wearedesignteam.com/hd-wallpaper/images/vistara-airlines-png.png,#800080
VISTARA,VISTARA,1997,0,0,https://wearedesignteam.com/hd-wallpaper/images/vistara-airlines-png.png,#800080
VISTARA,VISTARA,1998,0,0,https://wearedesignteam.com/hd-wallpaper/images/vistara-airlines-png.png,#800080
VISTARA,VISTARA,1999,0,0,https://wearedesignteam.com/hd-wallpaper/images/vistara-airlines-png.png,#800080
VISTARA,VISTARA,2000,0,0,https://wearedesignteam.com/hd-wallpaper/images/vistara-airlines-png.png,#800080
VISTARA,VISTARA,2001,0,0,https://wearedesignteam.com/hd-wallpaper/images/vistara-airlines-png.png,#800080
VISTARA,VISTARA,2002,0,0,https://wearedesignteam.com/hd-wallpaper/images/vistara-airlines-png.png,#800080
VISTARA,VISTARA,2003,0,0,https://wearedesignteam.com/hd-wallpaper/images/vistara-airlines-png.png,#800080
VISTARA,VISTARA,2004,0,0,https://wearedesignteam.com/hd-wallpaper/images/vistara-airlines-png.png,#800080
VISTARA,VISTARA,2005,0,0,https://wearedesignteam.com/hd-wallpaper/images/vistara-airlines-png.png,#800080
VISTARA,VISTARA,2006,0,0,https://wearedesignteam.com/hd-wallpaper/images/vistara-airlines-png.png,#800080
VISTARA,VISTARA,2007,0,0,https://wearedesignteam.com/hd-wallpaper/images/vistara-airlines-png.png,#800080
VISTARA,VISTARA,2008,0,0,https://wearedesignteam.com/hd-wallpaper/images/vistara-airlines-png.png,#800080
VISTARA,VISTARA,2009,0,0,https://wearedesignteam.com/hd-wallpaper/images/vistara-airlines-png.png,#800080
VISTARA,VISTARA,2010,0,0,https://wearedesignteam.com/hd-wallpaper/images/vistara-airlines-png.png,#800080
VISTARA,VISTARA,2011,0,0,https://wearedesignteam.com/hd-wallpaper/images/vistara-airlines-png.png,#800080
VISTARA,VISTARA,2012,0,0,https://wearedesignteam.com/hd-wallpaper/images/vistara-airlines-png.png,#800080
VISTARA,VISTARA,2013,0,0,https://wearedesignteam.com/hd-wallpaper/images/vistara-airlines-png.png,#800080
VISTARA,VISTARA,2014,100919,0,https://wearedesignteam.com/hd-wallpaper/images/vistara-airlines-png.png,#800080
VISTARA,VISTARA,2015,1066723,100919,https://wearedesignteam.com/hd-wallpaper/images/vistara-airlines-png.png,#800080
VISTARA,VISTARA,2016,2518298,1066723,https://wearedesignteam.com/hd-wallpaper/images/vistara-airlines-png.png,#800080
VISTARA,VISTARA,2017,4064022,2518298,https://wearedesignteam.com/hd-wallpaper/images/vistara-airlines-png.png,#800080
VISTARA,VISTARA,2018,5261205,4064022,https://wearedesignteam.com/hd-wallpaper/images/vistara-airlines-png.png,#800080
